[{"Index": 0.3491, "Time": "2022-09-13_20-42-50", "Hyper_Params": "lf: point, ns: Bernoulli, b: True, False, lr: 0.1, bs: 512, magin: 0.1, 0.001, lamb: 0.1, nns: 1, 50,100", "Best_Perfor": "mrr: 0.35, mr: 7.10, test1: 0.20, test3: 0.40, test10: 0.70"}, {"Index": 0.3828, "Time": "2022-09-13_20-43-18", "Hyper_Params": "lf: point, ns: Bernoulli, b: True, False, lr: 0.1, bs: 512, magin: 0.1, 0.001, lamb: 0.1, nns: 1, 50,100", "Best_Perfor": "mrr: 0.38, mr: 5.70, test1: 0.20, test3: 0.50, test10: 0.70"}, {"Index": 0.4169, "Time": "2022-09-13_20-42-17", "Hyper_Params": "lf: point, ns: Bernoulli, b: True, False, lr: 0.1, bs: 512, magin: 0.1, lamb: 0.1, nns: 1, 50,100", "Best_Perfor": "mrr: 0.42, mr: 4.80, test1: 0.20, test3: 0.60, test10: 0.90"}, {"Index": 0.4432, "Time": "2022-09-13_20-39-32", "Hyper_Params": "lf: point, ns: Bernoulli, b: True, False, lr: 0.1, bs: 512, magin: 0.1, lamb: 0.1, nns: 1, 50", "Best_Perfor": "mrr: 0.44, mr: 6.30, test1: 0.30, test3: 0.50, test10: 0.70"}, {"Index": 0.4798, "Time": "2022-09-13_20-42-03", "Hyper_Params": "lf: point, ns: Bernoulli, b: True, False, lr: 0.1, bs: 512, magin: 0.1, lamb: 0.1, nns: 1, 50,100", "Best_Perfor": "mrr: 0.48, mr: 5.00, test1: 0.30, test3: 0.60, test10: 0.80"}, {"Index": 0.5367, "Time": "2022-09-13_20-39-41", "Hyper_Params": "lf: point, ns: Bernoulli, b: True, False, lr: 0.1, bs: 512, magin: 0.1, lamb: 0.1, nns: 1, 50", "Best_Perfor": "mrr: 0.54, mr: 2.30, test1: 0.20, test3: 0.90, test10: 1.00"}, {"Index": 0.5638, "Time": "2022-09-13_20-43-35", "Hyper_Params": "lf: point, ns: Bernoulli, b: True, False, lr: 0.1, bs: 512, magin: 0.1, 0.001, lamb: 0.1, nns: 1, 50,100", "Best_Perfor": "mrr: 0.56, mr: 3.60, test1: 0.40, test3: 0.70, test10: 0.90"}, {"Index": 0.5768, "Time": "2022-09-13_20-42-53", "Hyper_Params": "lf: point, ns: Bernoulli, b: True, False, lr: 0.1, bs: 512, magin: 0.1, 0.001, lamb: 0.1, nns: 1, 50,100", "Best_Perfor": "mrr: 0.58, mr: 3.10, test1: 0.40, test3: 0.60, test10: 1.00"}, {"Index": 0.5768, "Time": "2022-09-13_20-43-07", "Hyper_Params": "lf: point, ns: Bernoulli, b: True, False, lr: 0.1, bs: 512, magin: 0.1, 0.001, lamb: 0.1, nns: 1, 50,100", "Best_Perfor": "mrr: 0.58, mr: 3.20, test1: 0.40, test3: 0.70, test10: 1.00"}, {"Index": 0.6655, "Time": "2022-09-13_20-43-22", "Hyper_Params": "lf: point, ns: Bernoulli, b: True, False, lr: 0.1, bs: 512, magin: 0.1, 0.001, lamb: 0.1, nns: 1, 50,100", "Best_Perfor": "mrr: 0.67, mr: 3.00, test1: 0.50, test3: 0.80, test10: 0.90"}, {"Index": 0.7533, "Time": "2022-09-13_20-42-14", "Hyper_Params": "lf: point, ns: Bernoulli, b: True, False, lr: 0.1, bs: 512, magin: 0.1, lamb: 0.1, nns: 1, 50,100", "Best_Perfor": "mrr: 0.75, mr: 1.80, test1: 0.60, test3: 0.90, test10: 1.00"}, {"Index": 0.7667, "Time": "2022-09-13_20-43-29", "Hyper_Params": "lf: point, ns: Bernoulli, b: True, False, lr: 0.1, bs: 512, magin: 0.1, 0.001, lamb: 0.1, nns: 1, 50,100", "Best_Perfor": "mrr: 0.77, mr: 1.60, test1: 0.60, test3: 1.00, test10: 1.00"}, {"Index": 0.7791, "Time": "2022-09-13_20-43-00", "Hyper_Params": "lf: point, ns: Bernoulli, b: True, False, lr: 0.1, bs: 512, magin: 0.1, 0.001, lamb: 0.1, nns: 1, 50,100", "Best_Perfor": "mrr: 0.78, mr: 2.50, test1: 0.70, test3: 0.80, test10: 0.90"}, {"Index": 0.7867, "Time": "2022-09-13_20-43-11", "Hyper_Params": "lf: point, ns: Bernoulli, b: True, False, lr: 0.1, bs: 512, magin: 0.1, 0.001, lamb: 0.1, nns: 1, 50,100", "Best_Perfor": "mrr: 0.79, mr: 1.80, test1: 0.70, test3: 0.90, test10: 1.00"}, {"Index": 0.7976, "Time": "2022-09-13_20-42-07", "Hyper_Params": "lf: point, ns: Bernoulli, b: True, False, lr: 0.1, bs: 512, magin: 0.1, lamb: 0.1, nns: 1, 50,100", "Best_Perfor": "mrr: 0.80, mr: 1.90, test1: 0.70, test3: 0.90, test10: 1.00"}, {"Index": 0.8, "Time": "2022-09-13_20-39-37", "Hyper_Params": "lf: point, ns: Bernoulli, b: True, False, lr: 0.1, bs: 512, magin: 0.1, lamb: 0.1, nns: 1, 50", "Best_Perfor": "mrr: 0.80, mr: 1.60, test1: 0.70, test3: 1.00, test10: 1.00"}, {"Index": 0.8, "Time": "2022-09-13_20-43-39", "Hyper_Params": "lf: point, ns: Bernoulli, b: True, False, lr: 0.1, bs: 512, magin: 0.1, 0.001, lamb: 0.1, nns: 1, 50,100", "Best_Perfor": "mrr: 0.80, mr: 1.70, test1: 0.70, test3: 0.80, test10: 1.00"}, {"Index": 0.8183, "Time": "2022-09-13_20-43-15", "Hyper_Params": "lf: point, ns: Bernoulli, b: True, False, lr: 0.1, bs: 512, magin: 0.1, 0.001, lamb: 0.1, nns: 1, 50,100", "Best_Perfor": "mrr: 0.82, mr: 3.10, test1: 0.80, test3: 0.80, test10: 0.90"}, {"Index": 0.825, "Time": "2022-09-13_20-42-28", "Hyper_Params": "lf: point, ns: Bernoulli, b: True, False, lr: 0.1, bs: 512, magin: 0.1, lamb: 0.1, nns: 1, 50,100", "Best_Perfor": "mrr: 0.82, mr: 1.50, test1: 0.70, test3: 0.90, test10: 1.00"}, {"Index": 0.8333, "Time": "2022-09-13_20-42-21", "Hyper_Params": "lf: point, ns: Bernoulli, b: True, False, lr: 0.1, bs: 512, magin: 0.1, lamb: 0.1, nns: 1, 50,100", "Best_Perfor": "mrr: 0.83, mr: 2.00, test1: 0.80, test3: 0.80, test10: 1.00"}, {"Index": 0.8417, "Time": "2022-09-13_20-42-46", "Hyper_Params": "lf: point, ns: Bernoulli, b: True, False, lr: 0.1, bs: 512, magin: 0.1, 0.001, lamb: 0.1, nns: 1, 50,100", "Best_Perfor": "mrr: 0.84, mr: 1.80, test1: 0.80, test3: 0.80, test10: 1.00"}, {"Index": 0.9, "Time": "2022-09-13_20-39-44", "Hyper_Params": "lf: point, ns: Bernoulli, b: True, False, lr: 0.1, bs: 512, magin: 0.1, lamb: 0.1, nns: 1, 50", "Best_Perfor": "mrr: 0.90, mr: 1.20, test1: 0.80, test3: 1.00, test10: 1.00"}]