[{"Index": 0.1101, "Time": "2022-09-13_20-06-31", "Hyper_Params": "lf: point, ns: Bernoulli, b: True, False, lr: 0.1, 0.001, 0.0001, 0.00001, bs: 512, 1024, 2048, 4096, magin: 0.1, 0.01, 0.001, lamb: 0.1, nns: 1, 50, 100, 500", "Best_Perfor": "mrr: 0.11, mr: 10.10, test1: 0.00, test3: 0.00, test10: 0.40"}, {"Index": 0.1349, "Time": "2022-09-13_20-06-54", "Hyper_Params": "lf: point, ns: Bernoulli, b: True, False, lr: 0.1, 0.001, 0.0001, 0.00001, bs: 512, 1024, 2048, 4096, magin: 0.1, 0.01, 0.001, lamb: 0.1, nns: 1, 50, 100, 500", "Best_Perfor": "mrr: 0.13, mr: 10.70, test1: 0.00, test3: 0.10, test10: 0.20"}, {"Index": 0.1391, "Time": "2022-09-13_20-06-25", "Hyper_Params": "lf: point, ns: Bernoulli, b: True, False, lr: 0.1, 0.001, 0.0001, 0.00001, bs: 512, 1024, 2048, 4096, magin: 0.1, 0.01, 0.001, lamb: 0.1, nns: 1, 50, 100, 500", "Best_Perfor": "mrr: 0.14, mr: 8.40, test1: 0.00, test3: 0.00, test10: 0.60"}, {"Index": 0.1475, "Time": "2022-09-13_20-06-48", "Hyper_Params": "lf: point, ns: Bernoulli, b: True, False, lr: 0.1, 0.001, 0.0001, 0.00001, bs: 512, 1024, 2048, 4096, magin: 0.1, 0.01, 0.001, lamb: 0.1, nns: 1, 50, 100, 500", "Best_Perfor": "mrr: 0.15, mr: 9.50, test1: 0.00, test3: 0.20, test10: 0.40"}, {"Index": 0.1592, "Time": "2022-09-13_20-06-51", "Hyper_Params": "lf: point, ns: Bernoulli, b: True, False, lr: 0.1, 0.001, 0.0001, 0.00001, bs: 512, 1024, 2048, 4096, magin: 0.1, 0.01, 0.001, lamb: 0.1, nns: 1, 50, 100, 500", "Best_Perfor": "mrr: 0.16, mr: 8.90, test1: 0.00, test3: 0.10, test10: 0.60"}, {"Index": 0.1719, "Time": "2022-09-13_20-06-43", "Hyper_Params": "lf: point, ns: Bernoulli, b: True, False, lr: 0.1, 0.001, 0.0001, 0.00001, bs: 512, 1024, 2048, 4096, magin: 0.1, 0.01, 0.001, lamb: 0.1, nns: 1, 50, 100, 500", "Best_Perfor": "mrr: 0.17, mr: 6.70, test1: 0.00, test3: 0.00, test10: 0.90"}, {"Index": 0.2011, "Time": "2022-09-13_20-06-29", "Hyper_Params": "lf: point, ns: Bernoulli, b: True, False, lr: 0.1, 0.001, 0.0001, 0.00001, bs: 512, 1024, 2048, 4096, magin: 0.1, 0.01, 0.001, lamb: 0.1, nns: 1, 50, 100, 500", "Best_Perfor": "mrr: 0.20, mr: 10.00, test1: 0.10, test3: 0.20, test10: 0.30"}, {"Index": 0.2055, "Time": "2022-09-13_20-06-57", "Hyper_Params": "lf: point, ns: Bernoulli, b: True, False, lr: 0.1, 0.001, 0.0001, 0.00001, bs: 512, 1024, 2048, 4096, magin: 0.1, 0.01, 0.001, lamb: 0.1, nns: 1, 50, 100, 500", "Best_Perfor": "mrr: 0.21, mr: 6.50, test1: 0.00, test3: 0.20, test10: 0.80"}, {"Index": 0.2057, "Time": "2022-09-13_20-07-02", "Hyper_Params": "lf: point, ns: Bernoulli, b: True, False, lr: 0.1, 0.001, 0.0001, 0.00001, bs: 512, 1024, 2048, 4096, magin: 0.1, 0.01, 0.001, lamb: 0.1, nns: 1, 50, 100, 500", "Best_Perfor": "mrr: 0.21, mr: 6.50, test1: 0.00, test3: 0.10, test10: 0.80"}, {"Index": 0.251, "Time": "2022-09-13_20-06-34", "Hyper_Params": "lf: point, ns: Bernoulli, b: True, False, lr: 0.1, 0.001, 0.0001, 0.00001, bs: 512, 1024, 2048, 4096, magin: 0.1, 0.01, 0.001, lamb: 0.1, nns: 1, 50, 100, 500", "Best_Perfor": "mrr: 0.25, mr: 9.50, test1: 0.10, test3: 0.30, test10: 0.40"}, {"Index": 0.329, "Time": "2022-09-13_20-06-39", "Hyper_Params": "lf: point, ns: Bernoulli, b: True, False, lr: 0.1, 0.001, 0.0001, 0.00001, bs: 512, 1024, 2048, 4096, magin: 0.1, 0.01, 0.001, lamb: 0.1, nns: 1, 50, 100, 500", "Best_Perfor": "mrr: 0.33, mr: 5.80, test1: 0.20, test3: 0.20, test10: 0.90"}, {"Index": 0.3658, "Time": "2022-09-13_20-16-57", "Hyper_Params": "lf: point, ns: Bernoulli, b: True, False, lr: 0.1, bs: 512, 1024, magin: 0.1, 0.01, lamb: 0.1, nns: 1, 50", "Best_Perfor": "mrr: 0.37, mr: 6.00, test1: 0.20, test3: 0.30, test10: 0.80"}, {"Index": 0.3793, "Time": "2022-09-13_20-17-09", "Hyper_Params": "lf: point, ns: Bernoulli, b: True, False, lr: 0.1, bs: 512, 1024, magin: 0.1, 0.01, lamb: 0.1, nns: 1, 50", "Best_Perfor": "mrr: 0.38, mr: 5.40, test1: 0.20, test3: 0.50, test10: 0.90"}, {"Index": 0.3917, "Time": "2022-09-13_21-58-45", "Hyper_Params": "lf: point, ns: Bernoulli, b: True, lr: 0.1, bs: 512, magin: 2, lamb: 0.1, nns: 1", "Best_Perfor": "mrr: 0.39, mr: 7.40, test1: 0.30, test3: 0.40, test10: 0.70"}, {"Index": 0.4744, "Time": "2022-09-13_20-17-15", "Hyper_Params": "lf: point, ns: Bernoulli, b: True, False, lr: 0.1, bs: 512, 1024, magin: 0.1, 0.01, lamb: 0.1, nns: 1, 50", "Best_Perfor": "mrr: 0.47, mr: 3.50, test1: 0.20, test3: 0.70, test10: 1.00"}, {"Index": 0.4926, "Time": "2022-09-13_20-16-52", "Hyper_Params": "lf: point, ns: Bernoulli, b: True, False, lr: 0.1, bs: 512, 1024, magin: 0.1, 0.01, lamb: 0.1, nns: 1, 50", "Best_Perfor": "mrr: 0.49, mr: 3.80, test1: 0.30, test3: 0.60, test10: 1.00"}, {"Index": 0.5176, "Time": "2022-09-13_20-17-20", "Hyper_Params": "lf: point, ns: Bernoulli, b: True, False, lr: 0.1, bs: 512, 1024, magin: 0.1, 0.01, lamb: 0.1, nns: 1, 50", "Best_Perfor": "mrr: 0.52, mr: 3.00, test1: 0.30, test3: 0.60, test10: 1.00"}, {"Index": 0.5515, "Time": "2022-09-13_20-16-47", "Hyper_Params": "lf: point, ns: Bernoulli, b: True, False, lr: 0.1, bs: 512, 1024, magin: 0.1, 0.01, lamb: 0.1, nns: 1, 50", "Best_Perfor": "mrr: 0.55, mr: 4.60, test1: 0.40, test3: 0.60, test10: 0.80"}, {"Index": 0.6343, "Time": "2022-09-13_20-16-43", "Hyper_Params": "lf: point, ns: Bernoulli, b: True, False, lr: 0.1, bs: 512, 1024, magin: 0.1, 0.01, lamb: 0.1, nns: 1, 50", "Best_Perfor": "mrr: 0.63, mr: 2.80, test1: 0.50, test3: 0.70, test10: 1.00"}, {"Index": 0.65, "Time": "2022-09-13_20-17-00", "Hyper_Params": "lf: point, ns: Bernoulli, b: True, False, lr: 0.1, bs: 512, 1024, magin: 0.1, 0.01, lamb: 0.1, nns: 1, 50", "Best_Perfor": "mrr: 0.65, mr: 1.90, test1: 0.40, test3: 1.00, test10: 1.00"}, {"Index": 0.6635, "Time": "2022-09-13_20-16-55", "Hyper_Params": "lf: point, ns: Bernoulli, b: True, False, lr: 0.1, bs: 512, 1024, magin: 0.1, 0.01, lamb: 0.1, nns: 1, 50", "Best_Perfor": "mrr: 0.66, mr: 4.00, test1: 0.60, test3: 0.70, test10: 0.90"}, {"Index": 0.6783, "Time": "2022-09-13_20-16-49", "Hyper_Params": "lf: point, ns: Bernoulli, b: True, False, lr: 0.1, bs: 512, 1024, magin: 0.1, 0.01, lamb: 0.1, nns: 1, 50", "Best_Perfor": "mrr: 0.68, mr: 2.10, test1: 0.50, test3: 0.80, test10: 1.00"}, {"Index": 0.6861, "Time": "2022-09-13_20-17-23", "Hyper_Params": "lf: point, ns: Bernoulli, b: True, False, lr: 0.1, bs: 512, 1024, magin: 0.1, 0.01, lamb: 0.1, nns: 1, 50", "Best_Perfor": "mrr: 0.69, mr: 2.40, test1: 0.50, test3: 0.80, test10: 1.00"}, {"Index": 0.6867, "Time": "2022-09-18_21-50-55", "Hyper_Params": "lf: point, ns: Bernoulli, b: True,, lr: 0.1, , bs: 512, magin: 0.1, lamb: 0.1, nns: 1, 50", "Best_Perfor": "mrr: 0.69, mr: 2.60, test1: 0.60, test3: 0.70, test10: 1.00"}, {"Index": 0.6917, "Time": "2022-09-18_21-50-36", "Hyper_Params": "lf: point, ns: Bernoulli, b: True,, lr: 0.1, , bs: 512, magin: 0.1, lamb: 0.1, nns: 50", "Best_Perfor": "mrr: 0.69, mr: 2.10, test1: 0.50, test3: 0.80, test10: 1.00"}, {"Index": 0.6971, "Time": "2022-09-13_20-17-17", "Hyper_Params": "lf: point, ns: Bernoulli, b: True, False, lr: 0.1, bs: 512, 1024, magin: 0.1, 0.01, lamb: 0.1, nns: 1, 50", "Best_Perfor": "mrr: 0.70, mr: 4.00, test1: 0.60, test3: 0.80, test10: 0.80"}, {"Index": 0.7167, "Time": "2022-09-13_20-17-25", "Hyper_Params": "lf: point, ns: Bernoulli, b: True, False, lr: 0.1, bs: 512, 1024, magin: 0.1, 0.01, lamb: 0.1, nns: 1, 50", "Best_Perfor": "mrr: 0.72, mr: 1.90, test1: 0.50, test3: 0.90, test10: 1.00"}, {"Index": 0.731, "Time": "2022-09-13_20-17-03", "Hyper_Params": "lf: point, ns: Bernoulli, b: True, False, lr: 0.1, bs: 512, 1024, magin: 0.1, 0.01, lamb: 0.1, nns: 1, 50", "Best_Perfor": "mrr: 0.73, mr: 2.10, test1: 0.60, test3: 0.90, test10: 1.00"}, {"Index": 0.7327, "Time": "2022-09-13_20-17-12", "Hyper_Params": "lf: point, ns: Bernoulli, b: True, False, lr: 0.1, bs: 512, 1024, magin: 0.1, 0.01, lamb: 0.1, nns: 1, 50", "Best_Perfor": "mrr: 0.73, mr: 2.70, test1: 0.60, test3: 0.80, test10: 0.90"}, {"Index": 0.7417, "Time": "2022-09-18_21-50-55", "Hyper_Params": "lf: point, ns: Bernoulli, b: True,, lr: 0.1, , bs: 512, magin: 0.1, lamb: 0.1, nns: 1, 50", "Best_Perfor": "mrr: 0.74, mr: 2.00, test1: 0.60, test3: 0.80, test10: 1.00"}, {"Index": 0.8143, "Time": "2022-09-13_20-17-06", "Hyper_Params": "lf: point, ns: Bernoulli, b: True, False, lr: 0.1, bs: 512, 1024, magin: 0.1, 0.01, lamb: 0.1, nns: 1, 50", "Best_Perfor": "mrr: 0.81, mr: 1.80, test1: 0.70, test3: 0.90, test10: 1.00"}]