[{"Index": 0.0894, "Time": "2022-09-13_21-23-31", "Hyper_Params": "lf: pair, ns: Bernoulli, b: True, False, lr: 0.1, 0.001, 0.0001, 0.00001, bs: 512, 1024, 2048, 4096, magin: 2, 4, 6, 8, lamb: 0.1, nns: 1, 50, 100, 500", "Best_Perfor": "mrr: 0.09, mr: 11.70, test1: 0.00, test3: 0.00, test10: 0.20"}, {"Index": 0.12, "Time": "2022-09-13_19-50-56", "Hyper_Params": "lf: pair, ns: Bernoulli, b: True, False, lr: 0.1, 0.001, 0.0001, 0.00001, bs: 512, 1024, 2048, 4096, magin: 2, 4, 6, 8, lamb: 0.1, nns: 1, 50, 100, 500", "Best_Perfor": "mrr: 0.12, mr: 9.60, test1: 0.00, test3: 0.00, test10: 0.60"}, {"Index": 0.1219, "Time": "2022-09-13_21-23-41", "Hyper_Params": "lf: pair, ns: Bernoulli, b: True, False, lr: 0.1, 0.001, 0.0001, 0.00001, bs: 512, 1024, 2048, 4096, magin: 2, 4, 6, 8, lamb: 0.1, nns: 1, 50, 100, 500", "Best_Perfor": "mrr: 0.12, mr: 10.30, test1: 0.00, test3: 0.10, test10: 0.50"}, {"Index": 0.1254, "Time": "2022-09-13_21-32-27", "Hyper_Params": "lf: pair, ns: Bernoulli, b: True, False, lr: 0.1, 0.001, 0.0001, 0.00001, bs: 512, 1024, 2048, 4096, magin: 2, 4, 6, 8, lamb: 0.1, nns: 1, 50, 100, 500", "Best_Perfor": "mrr: 0.13, mr: 8.70, test1: 0.00, test3: 0.00, test10: 0.70"}, {"Index": 0.1254, "Time": "2022-09-13_21-34-16", "Hyper_Params": "lf: pair, ns: Bernoulli, b: True, False, lr: 0.1, 0.001, 0.0001, 0.00001, bs: 512, 1024, 2048, 4096, magin: 2, 4, 6, 8, lamb: 0.1, nns: 1, 50, 100, 500", "Best_Perfor": "mrr: 0.13, mr: 9.30, test1: 0.00, test3: 0.00, test10: 0.60"}, {"Index": 0.1386, "Time": "2022-09-13_21-10-06", "Hyper_Params": "lf: pair, ns: Bernoulli, b: True, False, lr: 0.1, 0.001, 0.0001, 0.00001, bs: 512, 1024, 2048, 4096, magin: 2, 4, 6, 8, lamb: 0.1, nns: 1, 50, 100, 500", "Best_Perfor": "mrr: 0.14, mr: 8.60, test1: 0.00, test3: 0.00, test10: 0.80"}, {"Index": 0.1511, "Time": "2022-09-13_21-09-46", "Hyper_Params": "lf: pair, ns: Bernoulli, b: True, False, lr: 0.1, 0.001, 0.0001, 0.00001, bs: 512, 1024, 2048, 4096, magin: 2, 4, 6, 8, lamb: 0.1, nns: 1, 50, 100, 500", "Best_Perfor": "mrr: 0.15, mr: 9.20, test1: 0.00, test3: 0.10, test10: 0.60"}, {"Index": 0.1605, "Time": "2022-09-13_21-32-24", "Hyper_Params": "lf: pair, ns: Bernoulli, b: True, False, lr: 0.1, 0.001, 0.0001, 0.00001, bs: 512, 1024, 2048, 4096, magin: 2, 4, 6, 8, lamb: 0.1, nns: 1, 50, 100, 500", "Best_Perfor": "mrr: 0.16, mr: 9.30, test1: 0.00, test3: 0.20, test10: 0.70"}, {"Index": 0.1654, "Time": "2022-09-13_21-34-09", "Hyper_Params": "lf: pair, ns: Bernoulli, b: True, False, lr: 0.1, 0.001, 0.0001, 0.00001, bs: 512, 1024, 2048, 4096, magin: 2, 4, 6, 8, lamb: 0.1, nns: 1, 50, 100, 500", "Best_Perfor": "mrr: 0.17, mr: 8.90, test1: 0.00, test3: 0.20, test10: 0.40"}, {"Index": 0.1743, "Time": "2022-09-13_21-32-16", "Hyper_Params": "lf: pair, ns: Bernoulli, b: True, False, lr: 0.1, 0.001, 0.0001, 0.00001, bs: 512, 1024, 2048, 4096, magin: 2, 4, 6, 8, lamb: 0.1, nns: 1, 50, 100, 500", "Best_Perfor": "mrr: 0.17, mr: 8.30, test1: 0.00, test3: 0.10, test10: 0.60"}, {"Index": 0.175, "Time": "2022-09-13_21-09-58", "Hyper_Params": "lf: pair, ns: Bernoulli, b: True, False, lr: 0.1, 0.001, 0.0001, 0.00001, bs: 512, 1024, 2048, 4096, magin: 2, 4, 6, 8, lamb: 0.1, nns: 1, 50, 100, 500", "Best_Perfor": "mrr: 0.17, mr: 8.70, test1: 0.00, test3: 0.10, test10: 0.50"}, {"Index": 0.1891, "Time": "2022-09-13_21-10-44", "Hyper_Params": "lf: pair, ns: Bernoulli, b: True, False, lr: 0.1, 0.001, 0.0001, 0.00001, bs: 512, 1024, 2048, 4096, magin: 2, 4, 6, 8, lamb: 0.1, nns: 1, 50, 100, 500", "Best_Perfor": "mrr: 0.19, mr: 7.10, test1: 0.00, test3: 0.20, test10: 0.80"}, {"Index": 0.1903, "Time": "2022-09-13_19-51-00", "Hyper_Params": "lf: pair, ns: Bernoulli, b: True, False, lr: 0.1, 0.001, 0.0001, 0.00001, bs: 512, 1024, 2048, 4096, magin: 2, 4, 6, 8, lamb: 0.1, nns: 1, 50, 100, 500", "Best_Perfor": "mrr: 0.19, mr: 7.90, test1: 0.00, test3: 0.20, test10: 0.70"}, {"Index": 0.1911, "Time": "2022-09-13_21-34-12", "Hyper_Params": "lf: pair, ns: Bernoulli, b: True, False, lr: 0.1, 0.001, 0.0001, 0.00001, bs: 512, 1024, 2048, 4096, magin: 2, 4, 6, 8, lamb: 0.1, nns: 1, 50, 100, 500", "Best_Perfor": "mrr: 0.19, mr: 7.90, test1: 0.00, test3: 0.20, test10: 0.80"}, {"Index": 0.2038, "Time": "2022-09-13_19-50-53", "Hyper_Params": "lf: pair, ns: Bernoulli, b: True, False, lr: 0.1, 0.001, 0.0001, 0.00001, bs: 512, 1024, 2048, 4096, magin: 2, 4, 6, 8, lamb: 0.1, nns: 1, 50, 100, 500", "Best_Perfor": "mrr: 0.20, mr: 9.10, test1: 0.00, test3: 0.30, test10: 0.40"}, {"Index": 0.2065, "Time": "2022-09-13_21-32-20", "Hyper_Params": "lf: pair, ns: Bernoulli, b: True, False, lr: 0.1, 0.001, 0.0001, 0.00001, bs: 512, 1024, 2048, 4096, magin: 2, 4, 6, 8, lamb: 0.1, nns: 1, 50, 100, 500", "Best_Perfor": "mrr: 0.21, mr: 6.80, test1: 0.00, test3: 0.30, test10: 0.80"}, {"Index": 0.2418, "Time": "2022-09-13_19-50-48", "Hyper_Params": "lf: pair, ns: Bernoulli, b: True, False, lr: 0.1, 0.001, 0.0001, 0.00001, bs: 512, 1024, 2048, 4096, magin: 2, 4, 6, 8, lamb: 0.1, nns: 1, 50, 100, 500", "Best_Perfor": "mrr: 0.24, mr: 4.90, test1: 0.00, test3: 0.30, test10: 1.00"}, {"Index": 0.2546, "Time": "2022-09-13_21-10-51", "Hyper_Params": "lf: pair, ns: Bernoulli, b: True, False, lr: 0.1, 0.001, 0.0001, 0.00001, bs: 512, 1024, 2048, 4096, magin: 2, 4, 6, 8, lamb: 0.1, nns: 1, 50, 100, 500", "Best_Perfor": "mrr: 0.25, mr: 6.20, test1: 0.00, test3: 0.50, test10: 0.80"}, {"Index": 0.2596, "Time": "2022-09-13_20-13-53", "Hyper_Params": "lf: sigmoid, ns: Bernoulli, b: True, False, lr: 0.1,, bs: 512, magin: 4, 8, lamb: 0.1, nns: 1, 50", "Best_Perfor": "mrr: 0.26, mr: 6.50, test1: 0.00, test3: 0.40, test10: 0.70"}, {"Index": 0.3166, "Time": "2022-09-13_21-34-05", "Hyper_Params": "lf: pair, ns: Bernoulli, b: True, False, lr: 0.1, 0.001, 0.0001, 0.00001, bs: 512, 1024, 2048, 4096, magin: 2, 4, 6, 8, lamb: 0.1, nns: 1, 50, 100, 500", "Best_Perfor": "mrr: 0.32, mr: 5.20, test1: 0.00, test3: 0.50, test10: 0.90"}, {"Index": 0.331, "Time": "2022-09-13_20-13-58", "Hyper_Params": "lf: sigmoid, ns: Bernoulli, b: True, False, lr: 0.1,, bs: 512, magin: 4, 8, lamb: 0.1, nns: 1, 50", "Best_Perfor": "mrr: 0.33, mr: 4.10, test1: 0.00, test3: 0.70, test10: 0.90"}, {"Index": 0.3635, "Time": "2022-09-13_19-44-42", "Hyper_Params": "lf: pair, ns: Bernoulli, b: True, False, lr: 0.1, 0.001, bs: 512, 1024, magin: 2, 4, lamb: 0.1, nns: 1, 50", "Best_Perfor": "mrr: 0.36, mr: 3.90, test1: 0.10, test3: 0.50, test10: 1.00"}, {"Index": 0.3636, "Time": "2022-08-16_10:27:30", "Hyper_Params": "lf: pair, ns: Bernoulli, b: True, lr: 0.1, bs: 512, magin: 0, lamb: 0.1, nns: 1", "Best_Perfor": "mrr: 0.36, mr: 5.50, test1: 0.20, test3: 0.40, test10: 0.90"}, {"Index": 0.365, "Time": "2022-08-16 10:23:06", "Hyper_Params": "lf: pair, ns: Bernoulli, b: True, lr: 0.1, bs: 512, magin: 0, lamb: 0.1, nns: 1", "Best_Perfor": "mrr: 0.36, mr: 6.90, test1: 0.20, test3: 0.40, test10: 0.60"}, {"Index": 0.3744, "Time": "2022-09-06_09-52-07", "Hyper_Params": "lf: pair, ns: Bernoulli, b: True, lr: 0.1, bs: 512, magin: 0, lamb: 0.1, nns: 1", "Best_Perfor": "mrr: 0.37, mr: 6.00, test1: 0.10, test3: 0.60, test10: 0.70"}, {"Index": 0.3971, "Time": "2022-09-06_09-44-28", "Hyper_Params": "lf: pair, ns: Bernoulli, b: True, lr: 0.1, bs: 512, magin: 0, lamb: 0.1, nns: 1", "Best_Perfor": "mrr: 0.40, mr: 6.60, test1: 0.30, test3: 0.40, test10: 0.80"}, {"Index": 0.4026, "Time": "2022-09-13_20-24-40", "Hyper_Params": "lf: pair, ns: Bernoulli, b: True, False, lr: 0.1, bs: 512, 1024, magin: 2, lamb: 0.1, nns: 1", "Best_Perfor": "mrr: 0.40, mr: 4.80, test1: 0.20, test3: 0.40, test10: 0.90"}, {"Index": 0.4036, "Time": "2022-09-06_10-59-31", "Hyper_Params": "lf: pair, ns: Bernoulli, b: True, lr: 0.1, bs: 512, magin: 0, lamb: 0.1, nns: 1", "Best_Perfor": "mrr: 0.40, mr: 6.30, test1: 0.30, test3: 0.30, test10: 0.80"}, {"Index": 0.416, "Time": "2022-09-06_10-58-07", "Hyper_Params": "lf: pair, ns: Bernoulli, b: True, lr: 0.1, bs: 512, magin: 0, lamb: 0.1, nns: 1", "Best_Perfor": "mrr: 0.42, mr: 5.40, test1: 0.20, test3: 0.60, test10: 0.80"}, {"Index": 0.4212, "Time": "2022-09-13_19-36-51", "Hyper_Params": "lf: pair, ns: Bernoulli, b: True, False, lr: 0.1, 0.001, bs: 512, 1024, magin: 2, 4, lamb: 0.1, nns: 1, 50", "Best_Perfor": "mrr: 0.42, mr: 4.00, test1: 0.20, test3: 0.70, test10: 1.00"}, {"Index": 0.4246, "Time": "2022-08-22_15-57-09", "Hyper_Params": "lf: pair, ns: Bernoulli, b: True, lr: 0.1, bs: 512, magin: 0, lamb: 0.1, nns: 1", "Best_Perfor": "mrr: 0.42, mr: 4.70, test1: 0.30, test3: 0.40, test10: 1.00"}, {"Index": 0.4254, "Time": "2022-09-03_20-30-07", "Hyper_Params": "lf: pair, ns: Bernoulli, b: True, lr: 0.1, bs: 512, magin: 0, lamb: 0.1, nns: 1", "Best_Perfor": "mrr: 0.43, mr: 5.90, test1: 0.30, test3: 0.40, test10: 0.80"}, {"Index": 0.4254, "Time": "2022-09-06_10-58-46", "Hyper_Params": "lf: pair, ns: Bernoulli, b: True, lr: 0.1, bs: 512, magin: 0, lamb: 0.1, nns: 1", "Best_Perfor": "mrr: 0.43, mr: 4.40, test1: 0.20, test3: 0.60, test10: 0.90"}, {"Index": 0.4285, "Time": "2022-09-13_20-24-47", "Hyper_Params": "lf: pair, ns: Bernoulli, b: True, False, lr: 0.1, bs: 512, 1024, magin: 2, lamb: 0.1, nns: 1", "Best_Perfor": "mrr: 0.43, mr: 4.30, test1: 0.20, test3: 0.50, test10: 1.00"}, {"Index": 0.4394, "Time": "2022-08-26_15-51-23", "Hyper_Params": "lf: pair, ns: Bernoulli, b: True, lr: 0.1, bs: 512, magin: 0, lamb: 0.1, nns: 1", "Best_Perfor": "mrr: 0.44, mr: 4.10, test1: 0.20, test3: 0.60, test10: 1.00"}, {"Index": 0.4408, "Time": "2022-08-16_10:35:41", "Hyper_Params": "lf: pair, ns: Bernoulli, b: True, lr: 0.1, bs: 512, magin: 0, lamb: 0.1, nns: 1", "Best_Perfor": "mrr: 0.44, mr: 5.90, test1: 0.30, test3: 0.50, test10: 0.70"}, {"Index": 0.4482, "Time": "2022-09-06_09-49-05", "Hyper_Params": "lf: pair, ns: Bernoulli, b: True, lr: 0.1, bs: 512, magin: 0, lamb: 0.1, nns: 1", "Best_Perfor": "mrr: 0.45, mr: 5.50, test1: 0.30, test3: 0.50, test10: 0.90"}, {"Index": 0.45, "Time": "2022-09-06_10-08-49", "Hyper_Params": "lf: pair, ns: Bernoulli, b: True, lr: 0.1, bs: 512, magin: 0, lamb: 0.1, nns: 1", "Best_Perfor": "mrr: 0.45, mr: 4.30, test1: 0.20, test3: 0.60, test10: 0.80"}, {"Index": 0.4539, "Time": "2022-09-06_09-34-23", "Hyper_Params": "lf: pair, ns: Bernoulli, b: True, lr: 0.1, bs: 512, magin: 0, lamb: 0.1, nns: 1", "Best_Perfor": "mrr: 0.45, mr: 5.80, test1: 0.30, test3: 0.50, test10: 0.80"}, {"Index": 0.4542, "Time": "2022-09-13_19-48-25", "Hyper_Params": "lf: pair, ns: Bernoulli, b: True, False, lr: 0.1, 0.001, bs: 512, 1024, magin: 2, 4, lamb: 0.1, nns: 1, 50", "Best_Perfor": "mrr: 0.45, mr: 3.40, test1: 0.20, test3: 0.50, test10: 1.00"}, {"Index": 0.4546, "Time": "2022-09-14_21-14-55", "Hyper_Params": "lf: pair, ns: Bernoulli, b: True, False, lr: 0.1, bs: 512, 1024, magin: 2, 4, lamb: 0.1, nns: 1", "Best_Perfor": "mrr: 0.45, mr: 5.50, test1: 0.30, test3: 0.50, test10: 0.80"}, {"Index": 0.4601, "Time": "2022-09-13_19-48-29", "Hyper_Params": "lf: pair, ns: Bernoulli, b: True, False, lr: 0.1, 0.001, bs: 512, 1024, magin: 2, 4, lamb: 0.1, nns: 1, 50", "Best_Perfor": "mrr: 0.46, mr: 3.50, test1: 0.20, test3: 0.70, test10: 1.00"}, {"Index": 0.4608, "Time": "2022-09-03_20-30-45", "Hyper_Params": "lf: pair, ns: Bernoulli, b: True, lr: 0.1, bs: 512, magin: 0, lamb: 0.1, nns: 1", "Best_Perfor": "mrr: 0.46, mr: 4.90, test1: 0.30, test3: 0.50, test10: 0.80"}, {"Index": 0.4637, "Time": "2022-09-13_20-26-12", "Hyper_Params": "lf: pair, ns: Bernoulli, b: True, False, lr: 0.1, bs: 512, 1024, magin: 2,4, lamb: 0.1, nns: 1", "Best_Perfor": "mrr: 0.46, mr: 4.30, test1: 0.30, test3: 0.50, test10: 1.00"}, {"Index": 0.4679, "Time": "2022-09-13_20-29-46", "Hyper_Params": "lf: pair, ns: Bernoulli, b: True, False, lr: 0.1, bs: 512, 1024, magin: 2,4, lamb: 0.1, nns: 1, 50", "Best_Perfor": "mrr: 0.47, mr: 4.50, test1: 0.30, test3: 0.50, test10: 0.90"}, {"Index": 0.4736, "Time": "2022-09-03_20-27-05", "Hyper_Params": "lf: pair, ns: Bernoulli, b: True, lr: 0.1, bs: 512, magin: 0, lamb: 0.1, nns: 1", "Best_Perfor": "mrr: 0.47, mr: 4.40, test1: 0.30, test3: 0.60, test10: 0.90"}, {"Index": 0.475, "Time": "2022-09-13_22-02-43", "Hyper_Params": "lf: pair, ns: Bernoulli, b: True, lr: 0.1, bs: 512, magin: 2, lamb: 0.1, nns: 1", "Best_Perfor": "mrr: 0.47, mr: 4.30, test1: 0.30, test3: 0.60, test10: 0.90"}, {"Index": 0.4769, "Time": "2022-09-13_20-29-50", "Hyper_Params": "lf: pair, ns: Bernoulli, b: True, False, lr: 0.1, bs: 512, 1024, magin: 2,4, lamb: 0.1, nns: 1, 50", "Best_Perfor": "mrr: 0.48, mr: 4.40, test1: 0.30, test3: 0.60, test10: 0.90"}, {"Index": 0.4791, "Time": "2022-09-13_19-36-46", "Hyper_Params": "lf: pair, ns: Bernoulli, b: True, False, lr: 0.1, 0.001, bs: 512, 1024, magin: 2, 4, lamb: 0.1, nns: 1, 50", "Best_Perfor": "mrr: 0.48, mr: 3.30, test1: 0.20, test3: 0.80, test10: 0.90"}, {"Index": 0.4792, "Time": "2022-09-13_20-26-23", "Hyper_Params": "lf: pair, ns: Bernoulli, b: True, False, lr: 0.1, bs: 512, 1024, magin: 2,4, lamb: 0.1, nns: 1", "Best_Perfor": "mrr: 0.48, mr: 4.80, test1: 0.30, test3: 0.50, test10: 0.90"}, {"Index": 0.4807, "Time": "2022-09-13_20-14-31", "Hyper_Params": "lf: pair, ns: Bernoulli, b: True, False, lr: 0.1,, bs: 512, magin: 2, 4, lamb: 0.1, nns: 1, 50", "Best_Perfor": "mrr: 0.48, mr: 4.60, test1: 0.30, test3: 0.60, test10: 0.80"}, {"Index": 0.4813, "Time": "2022-09-18_20-00-44", "Hyper_Params": "lf: pair, ns: Bernoulli, b: True, lr: 0.1, bs: 512, magin: 2, lamb: 0.1, nns: 1", "Best_Perfor": "mrr: 0.48, mr: 4.50, test1: 0.30, test3: 0.50, test10: 0.90"}, {"Index": 0.4864, "Time": "2022-09-14_21-14-55", "Hyper_Params": "lf: pair, ns: Bernoulli, b: True, False, lr: 0.1, bs: 512, 1024, magin: 2, 4, lamb: 0.1, nns: 1", "Best_Perfor": "mrr: 0.49, mr: 5.20, test1: 0.40, test3: 0.40, test10: 0.90"}, {"Index": 0.4892, "Time": "2022-09-13_20-26-20", "Hyper_Params": "lf: pair, ns: Bernoulli, b: True, False, lr: 0.1, bs: 512, 1024, magin: 2,4, lamb: 0.1, nns: 1", "Best_Perfor": "mrr: 0.49, mr: 3.70, test1: 0.30, test3: 0.60, test10: 1.00"}, {"Index": 0.49, "Time": "2022-09-13_20-24-51", "Hyper_Params": "lf: pair, ns: Bernoulli, b: True, False, lr: 0.1, bs: 512, 1024, magin: 2, lamb: 0.1, nns: 1", "Best_Perfor": "mrr: 0.49, mr: 3.70, test1: 0.30, test3: 0.60, test10: 0.90"}, {"Index": 0.4902, "Time": "2022-09-14_21-14-55", "Hyper_Params": "lf: pair, ns: Bernoulli, b: True, False, lr: 0.1, bs: 512, 1024, magin: 2, 4, lamb: 0.1, nns: 1", "Best_Perfor": "mrr: 0.49, mr: 5.50, test1: 0.40, test3: 0.50, test10: 0.70"}, {"Index": 0.4908, "Time": "2022-09-06_10-59-53", "Hyper_Params": "lf: pair, ns: Bernoulli, b: True, lr: 0.1, bs: 512, magin: 0, lamb: 0.1, nns: 1", "Best_Perfor": "mrr: 0.49, mr: 3.40, test1: 0.30, test3: 0.60, test10: 1.00"}, {"Index": 0.4917, "Time": "2022-09-06_10-10-35", "Hyper_Params": "lf: pair, ns: Bernoulli, b: True, lr: 0.1, bs: 512, magin: 0, lamb: 0.1, nns: 1", "Best_Perfor": "mrr: 0.49, mr: 3.50, test1: 0.30, test3: 0.60, test10: 1.00"}, {"Index": 0.4917, "Time": "2022-09-18_19-42-21", "Hyper_Params": "lf: pair, ns: Bernoulli, b: True, lr: 0.1, bs: 512, magin: 2, lamb: 0.1, nns: 1", "Best_Perfor": "mrr: 0.49, mr: 3.90, test1: 0.30, test3: 0.50, test10: 0.90"}, {"Index": 0.4995, "Time": "2022-09-06_09-16-09", "Hyper_Params": "lf: pair, ns: Bernoulli, b: True, lr: 0.1, bs: 512, magin: 0, lamb: 0.1, nns: 1", "Best_Perfor": "mrr: 0.50, mr: 5.40, test1: 0.40, test3: 0.50, test10: 0.80"}, {"Index": 0.5014, "Time": "2022-09-06_09-44-55", "Hyper_Params": "lf: pair, ns: Bernoulli, b: True, lr: 0.1, bs: 512, magin: 0, lamb: 0.1, nns: 1", "Best_Perfor": "mrr: 0.50, mr: 4.90, test1: 0.40, test3: 0.50, test10: 0.90"}, {"Index": 0.5049, "Time": "2022-09-13_20-26-27", "Hyper_Params": "lf: pair, ns: Bernoulli, b: True, False, lr: 0.1, bs: 512, 1024, magin: 2,4, lamb: 0.1, nns: 1", "Best_Perfor": "mrr: 0.50, mr: 3.70, test1: 0.30, test3: 0.60, test10: 0.90"}, {"Index": 0.5172, "Time": "2022-08-23_16-36-04", "Hyper_Params": "lf: pair, ns: Bernoulli, b: True, lr: 0.1, bs: 512, magin: 0, lamb: 0.1, nns: 1", "Best_Perfor": "mrr: 0.52, mr: 4.00, test1: 0.40, test3: 0.50, test10: 1.00"}, {"Index": 0.5281, "Time": "2022-09-13_20-14-34", "Hyper_Params": "lf: pair, ns: Bernoulli, b: True, False, lr: 0.1,, bs: 512, magin: 2, 4, lamb: 0.1, nns: 1, 50", "Best_Perfor": "mrr: 0.53, mr: 4.10, test1: 0.40, test3: 0.60, test10: 0.90"}, {"Index": 0.5337, "Time": "2022-09-13_20-24-44", "Hyper_Params": "lf: pair, ns: Bernoulli, b: True, False, lr: 0.1, bs: 512, 1024, magin: 2, lamb: 0.1, nns: 1", "Best_Perfor": "mrr: 0.53, mr: 5.20, test1: 0.40, test3: 0.60, test10: 0.80"}, {"Index": 0.5341, "Time": "2022-09-13_20-26-34", "Hyper_Params": "lf: pair, ns: Bernoulli, b: True, False, lr: 0.1, bs: 512, 1024, magin: 2,4, lamb: 0.1, nns: 1", "Best_Perfor": "mrr: 0.53, mr: 4.50, test1: 0.40, test3: 0.60, test10: 0.90"}, {"Index": 0.5341, "Time": "2022-09-13_20-26-37", "Hyper_Params": "lf: pair, ns: Bernoulli, b: True, False, lr: 0.1, bs: 512, 1024, magin: 2,4, lamb: 0.1, nns: 1", "Best_Perfor": "mrr: 0.53, mr: 4.50, test1: 0.40, test3: 0.60, test10: 0.90"}, {"Index": 0.5383, "Time": "2022-09-13_19-44-38", "Hyper_Params": "lf: pair, ns: Bernoulli, b: True, False, lr: 0.1, 0.001, bs: 512, 1024, magin: 2, 4, lamb: 0.1, nns: 1, 50", "Best_Perfor": "mrr: 0.54, mr: 4.00, test1: 0.40, test3: 0.60, test10: 0.90"}, {"Index": 0.5424, "Time": "2022-09-13_20-26-30", "Hyper_Params": "lf: pair, ns: Bernoulli, b: True, False, lr: 0.1, bs: 512, 1024, magin: 2,4, lamb: 0.1, nns: 1", "Best_Perfor": "mrr: 0.54, mr: 3.50, test1: 0.40, test3: 0.60, test10: 0.90"}, {"Index": 0.5438, "Time": "2022-09-06_09-58-04", "Hyper_Params": "lf: pair, ns: Bernoulli, b: True, lr: 0.1, bs: 512, magin: 0, lamb: 0.1, nns: 1", "Best_Perfor": "mrr: 0.54, mr: 3.90, test1: 0.40, test3: 0.70, test10: 0.90"}, {"Index": 0.5694, "Time": "2022-09-13_09-49-44", "Hyper_Params": "lf: pair, ns: Bernoulli, b: True, lr: 0.1, bs: 512, magin: 2, lamb: 0.1, nns: 1", "Best_Perfor": "mrr: 0.57, mr: 3.40, test1: 0.40, test3: 0.70, test10: 0.90"}, {"Index": 0.5702, "Time": "2022-09-13_20-15-13", "Hyper_Params": "lf: pair, ns: Bernoulli, b: True, False, lr: 0.1,, bs: 512, magin: 2, 4, lamb: 0.1, nns: 1, 50", "Best_Perfor": "mrr: 0.57, mr: 3.70, test1: 0.40, test3: 0.70, test10: 0.90"}, {"Index": 0.5704, "Time": "2022-09-13_21-58-35", "Hyper_Params": "lf: pair, ns: Bernoulli, b: True, lr: 0.1, bs: 512, magin: 2, lamb: 0.1, nns: 1", "Best_Perfor": "mrr: 0.57, mr: 5.40, test1: 0.50, test3: 0.60, test10: 0.80"}, {"Index": 0.575, "Time": "2022-09-18_21-19-54", "Hyper_Params": "lf: pair, ns: Bernoulli, b: True, lr: 0.1, bs: 512, magin: 2, lamb: 0.1, nns: 1", "Best_Perfor": "mrr: 0.57, mr: 2.70, test1: 0.40, test3: 0.60, test10: 1.00"}, {"Index": 0.5845, "Time": "2022-09-14_21-14-55", "Hyper_Params": "lf: pair, ns: Bernoulli, b: True, False, lr: 0.1, bs: 512, 1024, magin: 2, 4, lamb: 0.1, nns: 1", "Best_Perfor": "mrr: 0.58, mr: 3.80, test1: 0.40, test3: 0.70, test10: 0.90"}, {"Index": 0.5917, "Time": "2022-09-14_21-14-55", "Hyper_Params": "lf: pair, ns: Bernoulli, b: True, False, lr: 0.1, bs: 512, 1024, magin: 2, 4, lamb: 0.1, nns: 1", "Best_Perfor": "mrr: 0.59, mr: 2.70, test1: 0.40, test3: 0.70, test10: 1.00"}, {"Index": 0.5938, "Time": "2022-09-13_20-15-09", "Hyper_Params": "lf: pair, ns: Bernoulli, b: True, False, lr: 0.1,, bs: 512, magin: 2, 4, lamb: 0.1, nns: 1, 50", "Best_Perfor": "mrr: 0.59, mr: 3.80, test1: 0.40, test3: 0.70, test10: 0.90"}, {"Index": 0.6006, "Time": "2022-08-26_15-54-26", "Hyper_Params": "lf: pair, ns: Bernoulli, b: True, lr: 0.1, bs: 512, magin: 0, lamb: 0.1, nns: 1", "Best_Perfor": "mrr: 0.60, mr: 4.00, test1: 0.50, test3: 0.70, test10: 0.90"}, {"Index": 0.606, "Time": "2022-09-14_21-14-55", "Hyper_Params": "lf: pair, ns: Bernoulli, b: True, False, lr: 0.1, bs: 512, 1024, magin: 2, 4, lamb: 0.1, nns: 1", "Best_Perfor": "mrr: 0.61, mr: 3.10, test1: 0.50, test3: 0.60, test10: 1.00"}, {"Index": 0.6105, "Time": "2022-09-13_20-26-16", "Hyper_Params": "lf: pair, ns: Bernoulli, b: True, False, lr: 0.1, bs: 512, 1024, magin: 2,4, lamb: 0.1, nns: 1", "Best_Perfor": "mrr: 0.61, mr: 3.70, test1: 0.50, test3: 0.70, test10: 0.90"}, {"Index": 0.6317, "Time": "2022-09-14_21-14-55", "Hyper_Params": "lf: pair, ns: Bernoulli, b: True, False, lr: 0.1, bs: 512, 1024, magin: 2, 4, lamb: 0.1, nns: 1", "Best_Perfor": "mrr: 0.63, mr: 3.20, test1: 0.50, test3: 0.70, test10: 0.90"}]