[{"Index": 0.1605, "Time": "2022-09-13_21-32-48", "Hyper_Params": "lf: pair, ns: Bernoulli, b: True, False, lr: 0.1, 0.001, 0.0001, 0.00001, bs: 512, 1024, 2048, 4096, magin: 2, 4, 6, 8, lamb: 0.1, nns: 1, 50, 100, 500", "Best_Perfor": "mrr: 0.16, mr: 9.10, test1: 0.00, test3: 0.10, test10: 0.60"}, {"Index": 0.1867, "Time": "2022-09-13_21-32-58", "Hyper_Params": "lf: pair, ns: Bernoulli, b: True, False, lr: 0.1, 0.001, 0.0001, 0.00001, bs: 512, 1024, 2048, 4096, magin: 2, 4, 6, 8, lamb: 0.1, nns: 1, 50, 100, 500", "Best_Perfor": "mrr: 0.19, mr: 7.90, test1: 0.00, test3: 0.20, test10: 0.70"}, {"Index": 0.2026, "Time": "2022-09-13_21-32-43", "Hyper_Params": "lf: pair, ns: Bernoulli, b: True, False, lr: 0.1, 0.001, 0.0001, 0.00001, bs: 512, 1024, 2048, 4096, magin: 2, 4, 6, 8, lamb: 0.1, nns: 1, 50, 100, 500", "Best_Perfor": "mrr: 0.20, mr: 8.70, test1: 0.00, test3: 0.30, test10: 0.50"}, {"Index": 0.2501, "Time": "2022-09-13_21-32-53", "Hyper_Params": "lf: pair, ns: Bernoulli, b: True, False, lr: 0.1, 0.001, 0.0001, 0.00001, bs: 512, 1024, 2048, 4096, magin: 2, 4, 6, 8, lamb: 0.1, nns: 1, 50, 100, 500", "Best_Perfor": "mrr: 0.25, mr: 4.50, test1: 0.00, test3: 0.40, test10: 1.00"}, {"Index": 0.341, "Time": "2022-09-13_20-05-20", "Hyper_Params": "lf: pair, ns: Bernoulli, b: True, False, lr: 0.1, bs: 512, 1024, magin: 2, 4, lamb: 0.1, nns: 1, 50", "Best_Perfor": "mrr: 0.34, mr: 4.20, test1: 0.00, test3: 0.60, test10: 1.00"}, {"Index": 0.3514, "Time": "2022-09-12_13-17-01", "Hyper_Params": "lf: pair, ns: Bernoulli, b: True, lr: 0.1, bs: 512, magin: 0, lamb: 0.1, nns: 1", "Best_Perfor": "mrr: 0.35, mr: 6.40, test1: 0.20, test3: 0.40, test10: 0.80"}, {"Index": 0.3761, "Time": "2022-09-13_20-05-26", "Hyper_Params": "lf: pair, ns: Bernoulli, b: True, False, lr: 0.1, bs: 512, 1024, magin: 2, 4, lamb: 0.1, nns: 1, 50", "Best_Perfor": "mrr: 0.38, mr: 5.30, test1: 0.20, test3: 0.40, test10: 0.80"}, {"Index": 0.385, "Time": "2022-09-13_20-23-50", "Hyper_Params": "lf: pair, ns: Bernoulli, b: True, False, lr: 0.1, 0.001, bs: 512, 1024, magin: 2, 4, lamb: 0.1, nns: 1, 50", "Best_Perfor": "mrr: 0.39, mr: 4.80, test1: 0.20, test3: 0.30, test10: 0.90"}, {"Index": 0.4083, "Time": "2022-09-13_20-23-57", "Hyper_Params": "lf: pair, ns: Bernoulli, b: True, False, lr: 0.1, 0.001, bs: 512, 1024, magin: 2, 4, lamb: 0.1, nns: 1, 50", "Best_Perfor": "mrr: 0.41, mr: 2.60, test1: 0.00, test3: 0.90, test10: 1.00"}]