[{"Index": 0.3636, "Time": "2022-08-16_10:27:30", "Hyper_Params": "lf: pair, ns: Bernoulli, b: True, lr: 0.1, bs: 512, magin: 0, lamb: 0.1, nns: 1", "Best_Perfor": "mrr: 0.36, mr: 5.50, test1: 0.20, test3: 0.40, test10: 0.90"}, {"Index": 0.365, "Time": "2022-08-16 10:23:06", "Hyper_Params": "lf: pair, ns: Bernoulli, b: True, lr: 0.1, bs: 512, magin: 0, lamb: 0.1, nns: 1", "Best_Perfor": "mrr: 0.36, mr: 6.90, test1: 0.20, test3: 0.40, test10: 0.60"}, {"Index": 0.3744, "Time": "2022-09-06_09-52-07", "Hyper_Params": "lf: pair, ns: Bernoulli, b: True, lr: 0.1, bs: 512, magin: 0, lamb: 0.1, nns: 1", "Best_Perfor": "mrr: 0.37, mr: 6.00, test1: 0.10, test3: 0.60, test10: 0.70"}, {"Index": 0.3971, "Time": "2022-09-06_09-44-28", "Hyper_Params": "lf: pair, ns: Bernoulli, b: True, lr: 0.1, bs: 512, magin: 0, lamb: 0.1, nns: 1", "Best_Perfor": "mrr: 0.40, mr: 6.60, test1: 0.30, test3: 0.40, test10: 0.80"}, {"Index": 0.4036, "Time": "2022-09-06_10-59-31", "Hyper_Params": "lf: pair, ns: Bernoulli, b: True, lr: 0.1, bs: 512, magin: 0, lamb: 0.1, nns: 1", "Best_Perfor": "mrr: 0.40, mr: 6.30, test1: 0.30, test3: 0.30, test10: 0.80"}, {"Index": 0.416, "Time": "2022-09-06_10-58-07", "Hyper_Params": "lf: pair, ns: Bernoulli, b: True, lr: 0.1, bs: 512, magin: 0, lamb: 0.1, nns: 1", "Best_Perfor": "mrr: 0.42, mr: 5.40, test1: 0.20, test3: 0.60, test10: 0.80"}, {"Index": 0.4246, "Time": "2022-08-22_15-57-09", "Hyper_Params": "lf: pair, ns: Bernoulli, b: True, lr: 0.1, bs: 512, magin: 0, lamb: 0.1, nns: 1", "Best_Perfor": "mrr: 0.42, mr: 4.70, test1: 0.30, test3: 0.40, test10: 1.00"}, {"Index": 0.4254, "Time": "2022-09-03_20-30-07", "Hyper_Params": "lf: pair, ns: Bernoulli, b: True, lr: 0.1, bs: 512, magin: 0, lamb: 0.1, nns: 1", "Best_Perfor": "mrr: 0.43, mr: 5.90, test1: 0.30, test3: 0.40, test10: 0.80"}, {"Index": 0.4254, "Time": "2022-09-06_10-58-46", "Hyper_Params": "lf: pair, ns: Bernoulli, b: True, lr: 0.1, bs: 512, magin: 0, lamb: 0.1, nns: 1", "Best_Perfor": "mrr: 0.43, mr: 4.40, test1: 0.20, test3: 0.60, test10: 0.90"}, {"Index": 0.4394, "Time": "2022-08-26_15-51-23", "Hyper_Params": "lf: pair, ns: Bernoulli, b: True, lr: 0.1, bs: 512, magin: 0, lamb: 0.1, nns: 1", "Best_Perfor": "mrr: 0.44, mr: 4.10, test1: 0.20, test3: 0.60, test10: 1.00"}, {"Index": 0.4408, "Time": "2022-08-16_10:35:41", "Hyper_Params": "lf: pair, ns: Bernoulli, b: True, lr: 0.1, bs: 512, magin: 0, lamb: 0.1, nns: 1", "Best_Perfor": "mrr: 0.44, mr: 5.90, test1: 0.30, test3: 0.50, test10: 0.70"}, {"Index": 0.4482, "Time": "2022-09-06_09-49-05", "Hyper_Params": "lf: pair, ns: Bernoulli, b: True, lr: 0.1, bs: 512, magin: 0, lamb: 0.1, nns: 1", "Best_Perfor": "mrr: 0.45, mr: 5.50, test1: 0.30, test3: 0.50, test10: 0.90"}, {"Index": 0.45, "Time": "2022-09-06_10-08-49", "Hyper_Params": "lf: pair, ns: Bernoulli, b: True, lr: 0.1, bs: 512, magin: 0, lamb: 0.1, nns: 1", "Best_Perfor": "mrr: 0.45, mr: 4.30, test1: 0.20, test3: 0.60, test10: 0.80"}, {"Index": 0.4539, "Time": "2022-09-06_09-34-23", "Hyper_Params": "lf: pair, ns: Bernoulli, b: True, lr: 0.1, bs: 512, magin: 0, lamb: 0.1, nns: 1", "Best_Perfor": "mrr: 0.45, mr: 5.80, test1: 0.30, test3: 0.50, test10: 0.80"}, {"Index": 0.4608, "Time": "2022-09-03_20-30-45", "Hyper_Params": "lf: pair, ns: Bernoulli, b: True, lr: 0.1, bs: 512, magin: 0, lamb: 0.1, nns: 1", "Best_Perfor": "mrr: 0.46, mr: 4.90, test1: 0.30, test3: 0.50, test10: 0.80"}, {"Index": 0.4736, "Time": "2022-09-03_20-27-05", "Hyper_Params": "lf: pair, ns: Bernoulli, b: True, lr: 0.1, bs: 512, magin: 0, lamb: 0.1, nns: 1", "Best_Perfor": "mrr: 0.47, mr: 4.40, test1: 0.30, test3: 0.60, test10: 0.90"}, {"Index": 0.4908, "Time": "2022-09-06_10-59-53", "Hyper_Params": "lf: pair, ns: Bernoulli, b: True, lr: 0.1, bs: 512, magin: 0, lamb: 0.1, nns: 1", "Best_Perfor": "mrr: 0.49, mr: 3.40, test1: 0.30, test3: 0.60, test10: 1.00"}, {"Index": 0.4917, "Time": "2022-09-06_10-10-35", "Hyper_Params": "lf: pair, ns: Bernoulli, b: True, lr: 0.1, bs: 512, magin: 0, lamb: 0.1, nns: 1", "Best_Perfor": "mrr: 0.49, mr: 3.50, test1: 0.30, test3: 0.60, test10: 1.00"}, {"Index": 0.4995, "Time": "2022-09-06_09-16-09", "Hyper_Params": "lf: pair, ns: Bernoulli, b: True, lr: 0.1, bs: 512, magin: 0, lamb: 0.1, nns: 1", "Best_Perfor": "mrr: 0.50, mr: 5.40, test1: 0.40, test3: 0.50, test10: 0.80"}, {"Index": 0.5014, "Time": "2022-09-06_09-44-55", "Hyper_Params": "lf: pair, ns: Bernoulli, b: True, lr: 0.1, bs: 512, magin: 0, lamb: 0.1, nns: 1", "Best_Perfor": "mrr: 0.50, mr: 4.90, test1: 0.40, test3: 0.50, test10: 0.90"}, {"Index": 0.5172, "Time": "2022-08-23_16-36-04", "Hyper_Params": "lf: pair, ns: Bernoulli, b: True, lr: 0.1, bs: 512, magin: 0, lamb: 0.1, nns: 1", "Best_Perfor": "mrr: 0.52, mr: 4.00, test1: 0.40, test3: 0.50, test10: 1.00"}, {"Index": 0.5438, "Time": "2022-09-06_09-58-04", "Hyper_Params": "lf: pair, ns: Bernoulli, b: True, lr: 0.1, bs: 512, magin: 0, lamb: 0.1, nns: 1", "Best_Perfor": "mrr: 0.54, mr: 3.90, test1: 0.40, test3: 0.70, test10: 0.90"}, {"Index": 0.6006, "Time": "2022-08-26_15-54-26", "Hyper_Params": "lf: pair, ns: Bernoulli, b: True, lr: 0.1, bs: 512, magin: 0, lamb: 0.1, nns: 1", "Best_Perfor": "mrr: 0.60, mr: 4.00, test1: 0.50, test3: 0.70, test10: 0.90"}]