[{"Index": 0.3043, "Time": "2022-09-13_20-20-12", "Hyper_Params": "lf: pair, ns: Bernoulli, b: True, False, lr: 0.1, bs: 512, magin: 2, 4, lamb: 0.1, nns: 1, 50", "Best_Perfor": "mrr: 0.30, mr: 4.10, test1: 0.00, test3: 0.50, test10: 1.00"}, {"Index": 0.3244, "Time": "2022-09-13_20-20-06", "Hyper_Params": "lf: pair, ns: Bernoulli, b: True, False, lr: 0.1, bs: 512, magin: 2, 4, lamb: 0.1, nns: 1, 50", "Best_Perfor": "mrr: 0.32, mr: 4.90, test1: 0.00, test3: 0.60, test10: 0.80"}, {"Index": 0.3517, "Time": "2022-09-13_19-19-41", "Hyper_Params": "lf: pair, ns: Bernoulli, b: True, False, lr: 0.1, bs: 512, magin: 2, 4, lamb: 0.1, nns: 1, 50,", "Best_Perfor": "mrr: 0.35, mr: 5.90, test1: 0.20, test3: 0.30, test10: 0.90"}, {"Index": 0.3574, "Time": "2022-09-13_19-16-52", "Hyper_Params": "lf: pair, ns: Bernoulli, b: True, False, lr: 0.1, 0.001, , bs: 512, 1024, magin: 2, 4, lamb: 0.1, nns: 1, 50,", "Best_Perfor": "mrr: 0.36, mr: 4.70, test1: 0.10, test3: 0.60, test10: 0.80"}, {"Index": 0.4082, "Time": "2022-09-13_19-19-47", "Hyper_Params": "lf: pair, ns: Bernoulli, b: True, False, lr: 0.1, bs: 512, magin: 2, 4, lamb: 0.1, nns: 1, 50,", "Best_Perfor": "mrr: 0.41, mr: 4.90, test1: 0.20, test3: 0.50, test10: 0.90"}, {"Index": 0.4744, "Time": "2022-09-13_19-16-39", "Hyper_Params": "lf: pair, ns: Bernoulli, b: True, False, lr: 0.1, 0.001, , bs: 512, 1024, magin: 2, 4, lamb: 0.1, nns: 1, 50,", "Best_Perfor": "mrr: 0.47, mr: 3.50, test1: 0.20, test3: 0.70, test10: 1.00"}, {"Index": 0.475, "Time": "2022-09-13_19-19-16", "Hyper_Params": "lf: pair, ns: Bernoulli, b: True, False, lr: 0.1, 0.001, , bs: 512, 1024, magin: 2, 4, lamb: 0.1, nns: 1, 50,", "Best_Perfor": "mrr: 0.47, mr: 3.00, test1: 0.20, test3: 0.70, test10: 1.00"}, {"Index": 0.4886, "Time": "2022-09-13_19-19-21", "Hyper_Params": "lf: pair, ns: Bernoulli, b: True, False, lr: 0.1, 0.001, , bs: 512, 1024, magin: 2, 4, lamb: 0.1, nns: 1, 50,", "Best_Perfor": "mrr: 0.49, mr: 3.60, test1: 0.30, test3: 0.50, test10: 1.00"}]