[{"title": "Total number of entities", "value": 16}, {"title": "Total number of edges", "value": 43}, {"title": "Average in degrees", "value": 2.6875}, {"title": "Average out degrees", "value": 2.6875}, {"title": "Total number of relations", "value": 9}, {"title": "1-1 type relation count", "value": 6}, {"title": "1-n type relation count", "value": 2}, {"title": "n-1 type relation count", "value": 2}, {"title": "n-n type relation count", "value": 0}, {"title": "Total number of symmetric type relations", "value": "0"}, {"title": "Total number of inverse type relations", "value": "0"}, {"title": "Total number of relation head", "value": 9}, {"title": "Total number of relation tail", "value": 9}]